cat1,cat_id,trade_rows,sensitivity_units,rank,trade_row_share_pct,cumulative_trade_row_share_pct,segment
50008168,50013636,2066,2279,1,6.893330219211904,6.893330219211904,Head group: first 80% of trade rows
50008168,50010558,1341,1523,2,4.474325181008308,11.367655400220212,Head group: first 80% of trade rows
50008168,50013207,1148,1284,3,3.830369357045144,15.198024757265355,Head group: first 80% of trade rows
50008168,50006602,924,1562,4,3.082980214207067,18.28100497147242,Head group: first 80% of trade rows
28,50011993,864,1498,5,2.8827866938040105,21.16379166527643,Head group: first 80% of trade rows
50008168,50012451,739,825,6,2.4657168596309766,23.629508524907408,Head group: first 80% of trade rows
50014815,50018831,718,1629,7,2.3956491274899068,26.025157652397315,Head group: first 80% of trade rows
122650008,50012359,554,593,8,1.8484535050548863,27.873611157452203,Head group: first 80% of trade rows
50008168,50010555,522,548,9,1.74168362750659,29.61529478495879,Head group: first 80% of trade rows
38,211122,502,2058,10,1.6749524540389045,31.290247238997697,Head group: first 80% of trade rows
50022520,50023591,476,487,11,1.588201928530913,32.87844916752861,Head group: first 80% of trade rows
50008168,50010566,464,497,12,1.5481632244503019,34.42661239197891,Head group: first 80% of trade rows
50008168,50013711,431,477,13,1.438056788228621,35.86466918020753,Head group: first 80% of trade rows
50008168,50010549,420,434,14,1.401354642821394,37.266023823028924,Head group: first 80% of trade rows
50008168,50010557,413,436,15,1.377998732107704,38.64402255513663,Head group: first 80% of trade rows
28,50003700,407,669,16,1.3579793800673985,40.00200193520403,Head group: first 80% of trade rows
122650008,50012365,390,400,17,1.3012578826198657,41.30325981782389,Head group: first 80% of trade rows
50008168,50007011,361,445,18,1.2044976810917218,42.507757498915616,Head group: first 80% of trade rows
50008168,50010544,331,338,19,1.1044009208901937,43.61215841980581,Head group: first 80% of trade rows
50008168,50012442,321,347,20,1.071035334156351,44.68319375396216,Head group: first 80% of trade rows
50008168,121394024,300,322,21,1.0009676020152813,45.68416135597744,Head group: first 80% of trade rows
122650008,50012364,272,282,22,0.9075439591605219,46.59170531513796,Head group: first 80% of trade rows
28,50023670,250,412,23,0.8341396683460678,47.425844983484026,Head group: first 80% of trade rows
50008168,50010536,245,267,24,0.8174568749791465,48.24330185846317,Head group: first 80% of trade rows
122650008,50012361,236,257,25,0.7874278469186881,49.03072970538186,Head group: first 80% of trade rows
28,251725,229,423,26,0.7640719362049981,49.79480164158686,Head group: first 80% of trade rows
50008168,121452056,224,240,27,0.7473891428380768,50.54219078442493,Head group: first 80% of trade rows
50022520,50016704,220,235,28,0.7340429081445398,51.27623369256947,Head group: first 80% of trade rows
50008168,50024842,209,282,29,0.6973407627373127,51.97357445530678,Head group: first 80% of trade rows
50008168,50010542,206,225,30,0.6873310867171599,52.66090554202394,Head group: first 80% of trade rows
50014815,50009540,205,253,31,0.6839945280437756,53.344900070067716,Head group: first 80% of trade rows
50014815,50012564,203,469,32,0.6773214106970071,54.02222148076472,Head group: first 80% of trade rows
50022520,50012375,203,210,33,0.6773214106970071,54.699542891461725,Head group: first 80% of trade rows
122650008,50012363,203,210,34,0.6773214106970071,55.37686430215873,Head group: first 80% of trade rows
28,50012424,199,258,35,0.66397517600347,56.0408394781622,Head group: first 80% of trade rows
50008168,50010545,198,214,36,0.6606386173300858,56.701478095492284,Head group: first 80% of trade rows
50014815,50017100,193,268,37,0.6439558239631644,57.345433919455445,Head group: first 80% of trade rows
122650008,50012360,170,171,38,0.5672149744753261,57.91264889393077,Head group: first 80% of trade rows
50014815,50018436,168,214,39,0.5605418571285576,58.47319075105933,Head group: first 80% of trade rows
50022520,50016706,149,180,40,0.49714724233425645,58.970337993393585,Head group: first 80% of trade rows
50014815,50009547,147,194,41,0.49047412498748794,59.46081211838107,Head group: first 80% of trade rows
122650008,50012366,147,149,42,0.49047412498748794,59.95128624336856,Head group: first 80% of trade rows
28,50002524,143,543,43,0.4771278902939508,60.42841413366251,Head group: first 80% of trade rows
28,50013187,139,667,44,0.46378165560041373,60.89219578926292,Head group: first 80% of trade rows
28,50014129,137,161,45,0.4571085382536452,61.34930432751656,Head group: first 80% of trade rows
50008168,121466023,130,186,46,0.43375262753995525,61.783056955056516,Head group: first 80% of trade rows
28,50012788,126,169,47,0.42040639284641823,62.20346334790293,Head group: first 80% of trade rows
38,50006843,126,300,48,0.42040639284641823,62.62386974074935,Head group: first 80% of trade rows
28,121540027,123,139,49,0.4103967168262654,63.03426645757561,Head group: first 80% of trade rows
50014815,50015727,123,150,50,0.4103967168262654,63.444663174401875,Head group: first 80% of trade rows
28,50024151,115,133,51,0.38370424743919124,63.828367421841065,Head group: first 80% of trade rows
50014815,50012777,108,156,52,0.3603483367255013,64.18871575856657,Head group: first 80% of trade rows
50022520,50006030,108,109,53,0.3603483367255013,64.54906409529208,Head group: first 80% of trade rows
50014815,50010236,104,107,54,0.34700210203196424,64.89606619732405,Head group: first 80% of trade rows
50014815,50228021,104,126,55,0.34700210203196424,65.24306829935601,Head group: first 80% of trade rows
28,50008875,103,128,56,0.34366554335857996,65.5867338427146,Head group: first 80% of trade rows
50014815,50012431,102,107,57,0.3403289846851957,65.9270628273998,Head group: first 80% of trade rows
50008168,121408024,101,138,58,0.33699242601181145,66.26405525341161,Head group: first 80% of trade rows
28,50023636,96,207,59,0.3203096326448901,66.5843648860565,Head group: first 80% of trade rows
28,50008847,94,168,60,0.31363651529812153,66.89800140135463,Head group: first 80% of trade rows
50008168,50006235,92,130,61,0.30696339795135297,67.20496479930598,Head group: first 80% of trade rows
50008168,50156020,92,102,62,0.30696339795135297,67.51192819725733,Head group: first 80% of trade rows
50014815,50014271,90,176,63,0.3002902806045844,67.81221847786192,Head group: first 80% of trade rows
50008168,50146022,87,101,64,0.2902806045844316,68.10249908244636,Head group: first 80% of trade rows
50022520,50006032,85,118,65,0.28360748723766305,68.38610656968402,Head group: first 80% of trade rows
50008168,121424027,84,96,66,0.2802709285642788,68.6663774982483,Head group: first 80% of trade rows
28,50016010,80,345,67,0.2669246938707417,68.93330219211904,Head group: first 80% of trade rows
28,50012474,79,159,68,0.26358813519735746,69.1968903273164,Head group: first 80% of trade rows
28,50015841,79,82,69,0.26358813519735746,69.46047846251375,Head group: first 80% of trade rows
122650008,50012367,78,84,70,0.2602515765239732,69.72073003903772,Head group: first 80% of trade rows
38,50018615,76,208,71,0.2535784591772046,69.97430849821492,Head group: first 80% of trade rows
28,250822,75,440,72,0.25024190050382034,70.22455039871875,Head group: first 80% of trade rows
50022520,50006028,74,82,73,0.24690534183043608,70.47145574054919,Head group: first 80% of trade rows
28,50023663,73,150,74,0.24356878315705183,70.71502452370623,Head group: first 80% of trade rows
50008168,50010538,72,76,75,0.24023222448366754,70.9552567481899,Head group: first 80% of trade rows
28,50000820,70,309,76,0.23355910713689898,71.1888158553268,Head group: first 80% of trade rows
28,50023531,69,218,77,0.23022254846351473,71.41903840379031,Head group: first 80% of trade rows
50014815,50012438,69,69,78,0.23022254846351473,71.64926095225383,Head group: first 80% of trade rows
50008168,50014530,68,83,79,0.22688598979013047,71.87614694204396,Head group: first 80% of trade rows
50008168,50016030,68,214,80,0.22688598979013047,72.1030329318341,Head group: first 80% of trade rows
50014815,211130,68,98,81,0.22688598979013047,72.32991892162423,Head group: first 80% of trade rows
38,50018825,67,152,82,0.2235494311167462,72.55346835274098,Head group: first 80% of trade rows
38,50018824,66,180,83,0.22021287244336193,72.77368122518433,Head group: first 80% of trade rows
50014815,50012456,65,241,84,0.21687631376997762,72.9905575389543,Head group: first 80% of trade rows
28,50013176,64,65,85,0.21353975509659337,73.2040972940509,Head group: first 80% of trade rows
28,50006097,63,64,86,0.21020319642320912,73.4143004904741,Head group: first 80% of trade rows
50014815,50006520,63,410,87,0.21020319642320912,73.62450368689731,Head group: first 80% of trade rows
50014815,50012245,63,95,88,0.21020319642320912,73.83470688332052,Head group: first 80% of trade rows
28,50015146,62,119,89,0.20686663774982483,74.04157352107035,Head group: first 80% of trade rows
50014815,50014744,62,215,90,0.20686663774982483,74.24844015882017,Head group: first 80% of trade rows
50008168,121364022,61,68,91,0.20353007907644055,74.45197023789662,Head group: first 80% of trade rows
28,50023638,60,97,92,0.20019352040305627,74.65216375829968,Head group: first 80% of trade rows
50008168,50012328,60,62,93,0.20019352040305627,74.85235727870274,Head group: first 80% of trade rows
50014815,50009542,60,65,94,0.20019352040305627,75.0525507991058,Head group: first 80% of trade rows
50008168,50007012,59,64,95,0.19685696172967201,75.24940776083547,Head group: first 80% of trade rows
50022520,50011882,59,119,96,0.19685696172967201,75.44626472256513,Head group: first 80% of trade rows
28,203322,57,90,97,0.19018384438290348,75.63644856694803,Head group: first 80% of trade rows
50008168,121462075,57,194,98,0.19018384438290348,75.82663241133093,Head group: first 80% of trade rows
50014815,50014277,57,62,99,0.19018384438290348,76.01681625571383,Head group: first 80% of trade rows
50022520,50012378,57,57,100,0.19018384438290348,76.20700010009674,Head group: first 80% of trade rows
28,50008856,56,57,101,0.1868472857095192,76.39384738580625,Head group: first 80% of trade rows
28,50019069,56,87,102,0.1868472857095192,76.58069467151577,Head group: first 80% of trade rows
50008168,50012449,56,68,103,0.1868472857095192,76.76754195722529,Head group: first 80% of trade rows
50014815,50018412,56,108,104,0.1868472857095192,76.95438924293481,Head group: first 80% of trade rows
50014815,50006042,55,58,105,0.18351072703613494,77.13789996997095,Head group: first 80% of trade rows
28,50006095,54,54,106,0.18017416836275066,77.3180741383337,Head group: first 80% of trade rows
28,50016032,54,100,107,0.18017416836275066,77.49824830669645,Head group: first 80% of trade rows
50014815,50012244,54,140,108,0.18017416836275066,77.67842247505921,Head group: first 80% of trade rows
28,50023722,53,59,109,0.17683760968936638,77.85526008474858,Head group: first 80% of trade rows
28,50008807,52,272,110,0.17350105101598212,78.02876113576455,Head group: first 80% of trade rows
28,50013881,51,88,111,0.17016449234259784,78.19892562810715,Head group: first 80% of trade rows
50014815,50012432,51,54,112,0.17016449234259784,78.36909012044974,Head group: first 80% of trade rows
28,50023661,50,56,113,0.16682793366921356,78.53591805411895,Head group: first 80% of trade rows
28,50023790,49,130,114,0.1634913749958293,78.69940942911478,Head group: first 80% of trade rows
50022520,50026467,49,67,115,0.1634913749958293,78.86290080411061,Head group: first 80% of trade rows
28,50012475,48,57,116,0.16015481632244505,79.02305562043306,Head group: first 80% of trade rows
50014815,50012549,48,186,117,0.16015481632244505,79.1832104367555,Head group: first 80% of trade rows
28,121404037,47,97,118,0.15681825764906077,79.34002869440457,Head group: first 80% of trade rows
50014815,50001732,47,47,119,0.15681825764906077,79.49684695205363,Head group: first 80% of trade rows
50014815,50012462,47,97,120,0.15681825764906077,79.6536652097027,Head group: first 80% of trade rows
50014815,50012807,47,64,121,0.15681825764906077,79.81048346735176,Head group: first 80% of trade rows
50014815,121478030,47,75,122,0.15681825764906077,79.96730172500082,Head group: first 80% of trade rows
28,203527,46,46,123,0.15348169897567648,80.1207834239765,Head group: first 80% of trade rows
28,50006966,46,62,124,0.15348169897567648,80.27426512295219,Long tail: remaining 20% of trade rows
50014815,50012485,46,71,125,0.15348169897567648,80.42774682192787,Long tail: remaining 20% of trade rows
28,50006957,45,68,126,0.1501451403022922,80.57789196223015,Long tail: remaining 20% of trade rows
28,50019022,44,61,127,0.14680858162890795,80.72470054385906,Long tail: remaining 20% of trade rows
38,50018820,44,62,128,0.14680858162890795,80.87150912548796,Long tail: remaining 20% of trade rows
50022520,50005979,44,44,129,0.14680858162890795,81.01831770711686,Long tail: remaining 20% of trade rows
50022520,121406040,44,44,130,0.14680858162890795,81.16512628874577,Long tail: remaining 20% of trade rows
28,50018860,43,65,131,0.1434720229555237,81.30859831170129,Long tail: remaining 20% of trade rows
38,50016116,43,56,132,0.1434720229555237,81.45207033465681,Long tail: remaining 20% of trade rows
50008168,50007014,43,45,133,0.1434720229555237,81.59554235761233,Long tail: remaining 20% of trade rows
50014815,50018438,43,61,134,0.1434720229555237,81.73901438056785,Long tail: remaining 20% of trade rows
50014815,121434042,43,116,135,0.1434720229555237,81.88248640352337,Long tail: remaining 20% of trade rows
50014815,50012617,42,44,136,0.1401354642821394,82.02262186780551,Long tail: remaining 20% of trade rows
28,50007140,41,64,137,0.13679890560875513,82.15942077341427,Long tail: remaining 20% of trade rows
28,50008845,41,41,138,0.13679890560875513,82.29621967902303,Long tail: remaining 20% of trade rows
38,50016115,41,57,139,0.13679890560875513,82.43301858463178,Long tail: remaining 20% of trade rows
28,50008895,40,53,140,0.13346234693537085,82.56648093156716,Long tail: remaining 20% of trade rows
28,50016006,40,228,141,0.13346234693537085,82.69994327850253,Long tail: remaining 20% of trade rows
28,50023637,40,41,142,0.13346234693537085,82.8334056254379,Long tail: remaining 20% of trade rows
28,50024149,40,74,143,0.13346234693537085,82.96686797237328,Long tail: remaining 20% of trade rows
50014815,50005978,40,40,144,0.13346234693537085,83.10033031930865,Long tail: remaining 20% of trade rows
50014815,50005982,40,42,145,0.13346234693537085,83.23379266624403,Long tail: remaining 20% of trade rows
50014815,50012437,40,57,146,0.13346234693537085,83.3672550131794,Long tail: remaining 20% of trade rows
50022520,50006033,40,50,147,0.13346234693537085,83.50071736011478,Long tail: remaining 20% of trade rows
28,50013175,39,39,148,0.1301257882619866,83.63084314837677,Long tail: remaining 20% of trade rows
50014815,50014273,39,44,149,0.1301257882619866,83.76096893663876,Long tail: remaining 20% of trade rows
28,50006096,38,38,150,0.1267892295886023,83.88775816622736,Long tail: remaining 20% of trade rows
28,50006822,38,66,151,0.1267892295886023,84.01454739581595,Long tail: remaining 20% of trade rows
28,50008177,38,42,152,0.1267892295886023,84.14133662540455,Long tail: remaining 20% of trade rows
50008168,50010537,38,42,153,0.1267892295886023,84.26812585499314,Long tail: remaining 20% of trade rows
28,50024147,37,51,154,0.12345267091521804,84.39157852590836,Long tail: remaining 20% of trade rows
50008168,50010548,37,38,155,0.12345267091521804,84.51503119682357,Long tail: remaining 20% of trade rows
50008168,50010565,36,45,156,0.12011611224183377,84.6351473090654,Long tail: remaining 20% of trade rows
50014815,50014863,36,80,157,0.12011611224183377,84.75526342130723,Long tail: remaining 20% of trade rows
28,50013192,35,52,158,0.11677955356844949,84.87204297487568,Long tail: remaining 20% of trade rows
28,50024150,35,68,159,0.11677955356844949,84.98882252844413,Long tail: remaining 20% of trade rows
50022520,50012379,35,35,160,0.11677955356844949,85.10560208201258,Long tail: remaining 20% of trade rows
28,50008817,34,64,161,0.11344299489506524,85.21904507690765,Long tail: remaining 20% of trade rows
50014815,50006521,34,133,162,0.11344299489506524,85.33248807180271,Long tail: remaining 20% of trade rows
50014815,50012458,34,44,163,0.11344299489506524,85.44593106669778,Long tail: remaining 20% of trade rows
50014815,50012464,34,34,164,0.11344299489506524,85.55937406159285,Long tail: remaining 20% of trade rows
50014815,121364031,34,40,165,0.11344299489506524,85.67281705648792,Long tail: remaining 20% of trade rows
50022520,50011615,33,33,166,0.11010643622168097,85.7829234927096,Long tail: remaining 20% of trade rows
28,50023792,32,33,167,0.10676987754829668,85.8896933702579,Long tail: remaining 20% of trade rows
50014815,50012461,32,38,168,0.10676987754829668,85.9964632478062,Long tail: remaining 20% of trade rows
28,50016034,31,61,169,0.10343331887491242,86.09989656668111,Long tail: remaining 20% of trade rows
28,50016036,31,157,170,0.10343331887491242,86.20332988555602,Long tail: remaining 20% of trade rows
28,50023660,31,42,171,0.10343331887491242,86.30676320443092,Long tail: remaining 20% of trade rows
50014815,121450025,31,31,172,0.10343331887491242,86.41019652330583,Long tail: remaining 20% of trade rows
28,50006094,30,34,173,0.10009676020152813,86.51029328350735,Long tail: remaining 20% of trade rows
28,50013200,30,44,174,0.10009676020152813,86.61039004370888,Long tail: remaining 20% of trade rows
38,50018855,30,55,175,0.10009676020152813,86.7104868039104,Long tail: remaining 20% of trade rows
50008168,121450022,30,36,176,0.10009676020152813,86.81058356411192,Long tail: remaining 20% of trade rows
50014815,50012460,30,35,177,0.10009676020152813,86.91068032431345,Long tail: remaining 20% of trade rows
50014815,50012471,30,103,178,0.10009676020152813,87.01077708451497,Long tail: remaining 20% of trade rows
50022520,50023632,30,34,179,0.10009676020152813,87.1108738447165,Long tail: remaining 20% of trade rows
122650008,50012371,30,31,180,0.10009676020152813,87.21097060491802,Long tail: remaining 20% of trade rows
28,50008424,29,29,181,0.09676020152814387,87.30773080644616,Long tail: remaining 20% of trade rows
28,50014250,29,52,182,0.09676020152814387,87.4044910079743,Long tail: remaining 20% of trade rows
28,122616024,29,49,183,0.09676020152814387,87.50125120950244,Long tail: remaining 20% of trade rows
50008168,50132021,29,42,184,0.09676020152814387,87.59801141103058,Long tail: remaining 20% of trade rows
50008168,50007013,28,42,185,0.0934236428547596,87.69143505388534,Long tail: remaining 20% of trade rows
50008168,50024787,28,28,186,0.0934236428547596,87.7848586967401,Long tail: remaining 20% of trade rows
28,50013190,27,31,187,0.09008708418137533,87.87494578092148,Long tail: remaining 20% of trade rows
28,121398041,27,60,188,0.09008708418137533,87.96503286510286,Long tail: remaining 20% of trade rows
50014815,50014274,27,34,189,0.09008708418137533,88.05511994928423,Long tail: remaining 20% of trade rows
50014815,121470030,27,62,190,0.09008708418137533,88.14520703346561,Long tail: remaining 20% of trade rows
28,203320,26,48,191,0.08675052550799106,88.2319575589736,Long tail: remaining 20% of trade rows
50008168,121484062,26,45,192,0.08675052550799106,88.3187080844816,Long tail: remaining 20% of trade rows
50014815,50012838,26,26,193,0.08675052550799106,88.4054586099896,Long tail: remaining 20% of trade rows
50022520,50023612,26,26,194,0.08675052550799106,88.49220913549759,Long tail: remaining 20% of trade rows
28,50012428,25,25,195,0.08341396683460678,88.5756231023322,Long tail: remaining 20% of trade rows
28,50012476,25,25,196,0.08341396683460678,88.65903706916681,Long tail: remaining 20% of trade rows
28,50016243,25,46,197,0.08341396683460678,88.74245103600143,Long tail: remaining 20% of trade rows
38,50018202,25,76,198,0.08341396683460678,88.82586500283604,Long tail: remaining 20% of trade rows
50014815,50014275,25,40,199,0.08341396683460678,88.90927896967065,Long tail: remaining 20% of trade rows
50014815,50016240,25,150,200,0.08341396683460678,88.99269293650526,Long tail: remaining 20% of trade rows
28,203319,24,24,201,0.08007740816122252,89.07277034466648,Long tail: remaining 20% of trade rows
28,50005953,24,137,202,0.08007740816122252,89.1528477528277,Long tail: remaining 20% of trade rows
28,50013874,24,24,203,0.08007740816122252,89.23292516098891,Long tail: remaining 20% of trade rows
28,50024631,24,38,204,0.08007740816122252,89.31300256915013,Long tail: remaining 20% of trade rows
50008168,121402021,24,27,205,0.08007740816122252,89.39307997731134,Long tail: remaining 20% of trade rows
50014815,50006041,24,24,206,0.08007740816122252,89.47315738547256,Long tail: remaining 20% of trade rows
50014815,50009549,24,24,207,0.08007740816122252,89.55323479363378,Long tail: remaining 20% of trade rows
50022520,50011819,24,31,208,0.08007740816122252,89.633312201795,Long tail: remaining 20% of trade rows
50022520,50012387,24,25,209,0.08007740816122252,89.71338960995621,Long tail: remaining 20% of trade rows
50022520,50026473,24,26,210,0.08007740816122252,89.79346701811743,Long tail: remaining 20% of trade rows
28,50008705,23,23,211,0.07674084948783824,89.87020786760526,Long tail: remaining 20% of trade rows
28,50016454,23,149,212,0.07674084948783824,89.9469487170931,Long tail: remaining 20% of trade rows
28,50023789,23,23,213,0.07674084948783824,90.02368956658093,Long tail: remaining 20% of trade rows
38,50018854,23,45,214,0.07674084948783824,90.10043041606876,Long tail: remaining 20% of trade rows
50014815,50012730,23,34,215,0.07674084948783824,90.1771712655566,Long tail: remaining 20% of trade rows
50014815,50013875,23,26,216,0.07674084948783824,90.25391211504443,Long tail: remaining 20% of trade rows
28,50006100,22,22,217,0.07340429081445397,90.32731640585888,Long tail: remaining 20% of trade rows
28,50013177,22,22,218,0.07340429081445397,90.40072069667333,Long tail: remaining 20% of trade rows
28,50023732,22,31,219,0.07340429081445397,90.47412498748778,Long tail: remaining 20% of trade rows
28,50024439,22,139,220,0.07340429081445397,90.54752927830224,Long tail: remaining 20% of trade rows
50014815,50012548,22,49,221,0.07340429081445397,90.62093356911669,Long tail: remaining 20% of trade rows
50014815,50234023,22,34,222,0.07340429081445397,90.69433785993114,Long tail: remaining 20% of trade rows
28,50023536,21,48,223,0.0700677321410697,90.76440559207221,Long tail: remaining 20% of trade rows
28,50023640,21,43,224,0.0700677321410697,90.83447332421328,Long tail: remaining 20% of trade rows
28,50023645,21,22,225,0.0700677321410697,90.90454105635435,Long tail: remaining 20% of trade rows
50008168,50016468,21,58,226,0.0700677321410697,90.97460878849542,Long tail: remaining 20% of trade rows
50008168,121406022,21,25,227,0.0700677321410697,91.04467652063649,Long tail: remaining 20% of trade rows
50022520,50006023,21,60,228,0.0700677321410697,91.11474425277756,Long tail: remaining 20% of trade rows
50022520,50012376,21,22,229,0.0700677321410697,91.18481198491862,Long tail: remaining 20% of trade rows
28,251630,20,22,230,0.06673117346768542,91.25154315838631,Long tail: remaining 20% of trade rows
28,50008859,20,22,231,0.06673117346768542,91.318274331854,Long tail: remaining 20% of trade rows
28,50008860,20,20,232,0.06673117346768542,91.38500550532169,Long tail: remaining 20% of trade rows
28,50016457,20,24,233,0.06673117346768542,91.45173667878937,Long tail: remaining 20% of trade rows
38,50014831,20,39,234,0.06673117346768542,91.51846785225706,Long tail: remaining 20% of trade rows
50014815,50005987,20,91,235,0.06673117346768542,91.58519902572475,Long tail: remaining 20% of trade rows
50022520,50012383,20,20,236,0.06673117346768542,91.65193019919244,Long tail: remaining 20% of trade rows
50022520,50014866,20,26,237,0.06673117346768542,91.71866137266012,Long tail: remaining 20% of trade rows
50022520,121398035,20,21,238,0.06673117346768542,91.78539254612781,Long tail: remaining 20% of trade rows
28,50006823,19,20,239,0.06339461479430115,91.84878716092211,Long tail: remaining 20% of trade rows
50008168,50014865,19,20,240,0.06339461479430115,91.91218177571642,Long tail: remaining 20% of trade rows
50008168,50140021,19,20,241,0.06339461479430115,91.97557639051072,Long tail: remaining 20% of trade rows
50014815,50004457,19,33,242,0.06339461479430115,92.03897100530503,Long tail: remaining 20% of trade rows
50014815,50009548,19,50,243,0.06339461479430115,92.10236562009933,Long tail: remaining 20% of trade rows
50022520,50006026,19,41,244,0.06339461479430115,92.16576023489364,Long tail: remaining 20% of trade rows
50022520,50012395,19,19,245,0.06339461479430115,92.22915484968794,Long tail: remaining 20% of trade rows
50022520,50017202,19,19,246,0.06339461479430115,92.29254946448225,Long tail: remaining 20% of trade rows
50014815,50006099,18,18,247,0.060058056120916886,92.35260752060317,Long tail: remaining 20% of trade rows
50014815,50012436,18,18,248,0.060058056120916886,92.4126655767241,Long tail: remaining 20% of trade rows
50014815,50012439,18,18,249,0.060058056120916886,92.47272363284502,Long tail: remaining 20% of trade rows
50014815,50012455,18,20,250,0.060058056120916886,92.53278168896594,Long tail: remaining 20% of trade rows
50014815,50015992,18,19,251,0.060058056120916886,92.59283974508686,Long tail: remaining 20% of trade rows
28,50023644,17,26,252,0.05672149744753262,92.64956124253439,Long tail: remaining 20% of trade rows
28,50023692,17,18,253,0.05672149744753262,92.70628273998192,Long tail: remaining 20% of trade rows
50014815,50009544,17,17,254,0.05672149744753262,92.76300423742944,Long tail: remaining 20% of trade rows
50014815,50012478,17,17,255,0.05672149744753262,92.81972573487697,Long tail: remaining 20% of trade rows
50014815,50014867,17,17,256,0.05672149744753262,92.8764472323245,Long tail: remaining 20% of trade rows
50022520,50011836,17,17,257,0.05672149744753262,92.93316872977202,Long tail: remaining 20% of trade rows
50022520,50015579,17,74,258,0.05672149744753262,92.98989022721955,Long tail: remaining 20% of trade rows
50022520,50015914,17,40,259,0.05672149744753262,93.04661172466707,Long tail: remaining 20% of trade rows
28,50023777,16,16,260,0.05338493877414834,93.09999666344122,Long tail: remaining 20% of trade rows
38,50018821,16,21,261,0.05338493877414834,93.15338160221536,Long tail: remaining 20% of trade rows
50014815,50008721,16,16,262,0.05338493877414834,93.2067665409895,Long tail: remaining 20% of trade rows
50014815,50008727,16,16,263,0.05338493877414834,93.26015147976365,Long tail: remaining 20% of trade rows
50014815,50018823,16,17,264,0.05338493877414834,93.3135364185378,Long tail: remaining 20% of trade rows
28,50013178,15,15,265,0.05004838010076407,93.36358479863856,Long tail: remaining 20% of trade rows
28,50019308,15,40,266,0.05004838010076407,93.41363317873932,Long tail: remaining 20% of trade rows
28,50023457,15,15,267,0.05004838010076407,93.46368155884008,Long tail: remaining 20% of trade rows
28,50023532,15,24,268,0.05004838010076407,93.51372993894084,Long tail: remaining 20% of trade rows
38,50018829,15,20,269,0.05004838010076407,93.5637783190416,Long tail: remaining 20% of trade rows
38,50018830,15,27,270,0.05004838010076407,93.61382669914236,Long tail: remaining 20% of trade rows
38,121484040,15,77,271,0.05004838010076407,93.66387507924313,Long tail: remaining 20% of trade rows
50014815,50001748,15,112,272,0.05004838010076407,93.71392345934389,Long tail: remaining 20% of trade rows
50014815,50008726,15,15,273,0.05004838010076407,93.76397183944465,Long tail: remaining 20% of trade rows
50014815,121456031,15,18,274,0.05004838010076407,93.81402021954541,Long tail: remaining 20% of trade rows
50022520,50006246,15,15,275,0.05004838010076407,93.86406859964617,Long tail: remaining 20% of trade rows
50022520,50014828,15,15,276,0.05004838010076407,93.91411697974694,Long tail: remaining 20% of trade rows
50022520,121414042,15,16,277,0.05004838010076407,93.9641653598477,Long tail: remaining 20% of trade rows
28,50016037,14,29,278,0.0467118214273798,94.01087718127508,Long tail: remaining 20% of trade rows
28,50016102,14,15,279,0.0467118214273798,94.05758900270246,Long tail: remaining 20% of trade rows
28,50023807,14,46,280,0.0467118214273798,94.10430082412984,Long tail: remaining 20% of trade rows
28,50024153,14,14,281,0.0467118214273798,94.15101264555722,Long tail: remaining 20% of trade rows
50008168,121472022,14,21,282,0.0467118214273798,94.1977244669846,Long tail: remaining 20% of trade rows
50022520,122474019,14,14,283,0.0467118214273798,94.24443628841198,Long tail: remaining 20% of trade rows
28,50008811,13,16,284,0.04337526275399553,94.28781155116597,Long tail: remaining 20% of trade rows
28,50023598,13,13,285,0.04337526275399553,94.33118681391997,Long tail: remaining 20% of trade rows
50008168,121366024,13,13,286,0.04337526275399553,94.37456207667397,Long tail: remaining 20% of trade rows
50014815,50014864,13,13,287,0.04337526275399553,94.41793733942797,Long tail: remaining 20% of trade rows
50014815,50018440,13,13,288,0.04337526275399553,94.46131260218196,Long tail: remaining 20% of trade rows
50022520,50012373,13,13,289,0.04337526275399553,94.50468786493596,Long tail: remaining 20% of trade rows
28,252819,12,120,290,0.04003870408061126,94.54472656901658,Long tail: remaining 20% of trade rows
28,50006820,12,13,291,0.04003870408061126,94.58476527309719,Long tail: remaining 20% of trade rows
28,50012426,12,12,292,0.04003870408061126,94.6248039771778,Long tail: remaining 20% of trade rows
28,50013078,12,12,293,0.04003870408061126,94.66484268125842,Long tail: remaining 20% of trade rows
28,50023535,12,98,294,0.04003870408061126,94.70488138533904,Long tail: remaining 20% of trade rows
28,50023651,12,71,295,0.04003870408061126,94.74492008941965,Long tail: remaining 20% of trade rows
28,122692024,12,18,296,0.04003870408061126,94.78495879350027,Long tail: remaining 20% of trade rows
50008168,121454026,12,17,297,0.04003870408061126,94.82499749758088,Long tail: remaining 20% of trade rows
50014815,50008728,12,12,298,0.04003870408061126,94.8650362016615,Long tail: remaining 20% of trade rows
50014815,50009541,12,16,299,0.04003870408061126,94.90507490574211,Long tail: remaining 20% of trade rows
50014815,50012467,12,12,300,0.04003870408061126,94.94511360982273,Long tail: remaining 20% of trade rows
50014815,50014278,12,12,301,0.04003870408061126,94.98515231390334,Long tail: remaining 20% of trade rows
50014815,121426038,12,12,302,0.04003870408061126,95.02519101798396,Long tail: remaining 20% of trade rows
50022520,50026459,12,16,303,0.04003870408061126,95.06522972206457,Long tail: remaining 20% of trade rows
28,50008704,11,65,304,0.03670214540722699,95.1019318674718,Long tail: remaining 20% of trade rows
28,50012429,11,24,305,0.03670214540722699,95.13863401287904,Long tail: remaining 20% of trade rows
28,50013199,11,15,306,0.03670214540722699,95.17533615828627,Long tail: remaining 20% of trade rows
28,50019055,11,44,307,0.03670214540722699,95.2120383036935,Long tail: remaining 20% of trade rows
28,50023671,11,14,308,0.03670214540722699,95.24874044910074,Long tail: remaining 20% of trade rows
28,50023733,11,12,309,0.03670214540722699,95.28544259450797,Long tail: remaining 20% of trade rows
28,121474030,11,11,310,0.03670214540722699,95.3221447399152,Long tail: remaining 20% of trade rows
28,122660027,11,15,311,0.03670214540722699,95.35884688532244,Long tail: remaining 20% of trade rows
50008168,50158020,11,11,312,0.03670214540722699,95.39554903072967,Long tail: remaining 20% of trade rows
50014815,50012459,11,13,313,0.03670214540722699,95.4322511761369,Long tail: remaining 20% of trade rows
50014815,121406041,11,16,314,0.03670214540722699,95.46895332154413,Long tail: remaining 20% of trade rows
50022520,50015582,11,21,315,0.03670214540722699,95.50565546695137,Long tail: remaining 20% of trade rows
50022520,50026461,11,11,316,0.03670214540722699,95.5423576123586,Long tail: remaining 20% of trade rows
28,253922,10,10,317,0.03336558673384271,95.57572319909244,Long tail: remaining 20% of trade rows
28,50011778,10,13,318,0.03336558673384271,95.60908878582627,Long tail: remaining 20% of trade rows
28,50023650,10,12,319,0.03336558673384271,95.64245437256011,Long tail: remaining 20% of trade rows
28,50023797,10,10,320,0.03336558673384271,95.67581995929395,Long tail: remaining 20% of trade rows
28,50024154,10,10,321,0.03336558673384271,95.70918554602778,Long tail: remaining 20% of trade rows
28,122678023,10,10,322,0.03336558673384271,95.74255113276162,Long tail: remaining 20% of trade rows
50008168,121506019,10,18,323,0.03336558673384271,95.77591671949546,Long tail: remaining 20% of trade rows
50014815,50005971,10,73,324,0.03336558673384271,95.80928230622929,Long tail: remaining 20% of trade rows
50014815,50014272,10,15,325,0.03336558673384271,95.84264789296313,Long tail: remaining 20% of trade rows
50022520,50012398,10,10,326,0.03336558673384271,95.87601347969697,Long tail: remaining 20% of trade rows
50022520,50026479,10,26,327,0.03336558673384271,95.9093790664308,Long tail: remaining 20% of trade rows
28,50005107,9,10,328,0.030029028060458443,95.93940809449126,Long tail: remaining 20% of trade rows
28,50013839,9,59,329,0.030029028060458443,95.96943712255171,Long tail: remaining 20% of trade rows
28,50015147,9,26,330,0.030029028060458443,95.99946615061216,Long tail: remaining 20% of trade rows
28,50016033,9,9,331,0.030029028060458443,96.02949517867262,Long tail: remaining 20% of trade rows
28,50016063,9,88,332,0.030029028060458443,96.05952420673307,Long tail: remaining 20% of trade rows
28,50023686,9,9,333,0.030029028060458443,96.08955323479353,Long tail: remaining 20% of trade rows
28,50023795,9,9,334,0.030029028060458443,96.11958226285398,Long tail: remaining 20% of trade rows
28,50024076,9,79,335,0.030029028060458443,96.14961129091444,Long tail: remaining 20% of trade rows
28,121452026,9,10,336,0.030029028060458443,96.17964031897489,Long tail: remaining 20% of trade rows
38,50016122,9,26,337,0.030029028060458443,96.20966934703534,Long tail: remaining 20% of trade rows
38,121474039,9,19,338,0.030029028060458443,96.2396983750958,Long tail: remaining 20% of trade rows
50014815,50008722,9,10,339,0.030029028060458443,96.26972740315625,Long tail: remaining 20% of trade rows
50014815,50009550,9,10,340,0.030029028060458443,96.29975643121671,Long tail: remaining 20% of trade rows
50014815,50012798,9,11,341,0.030029028060458443,96.32978545927716,Long tail: remaining 20% of trade rows
50014815,50012837,9,12,342,0.030029028060458443,96.35981448733762,Long tail: remaining 20% of trade rows
50014815,50014268,9,16,343,0.030029028060458443,96.38984351539807,Long tail: remaining 20% of trade rows
50014815,50014759,9,17,344,0.030029028060458443,96.41987254345852,Long tail: remaining 20% of trade rows
50014815,121412034,9,9,345,0.030029028060458443,96.44990157151898,Long tail: remaining 20% of trade rows
50022520,50012377,9,9,346,0.030029028060458443,96.47993059957943,Long tail: remaining 20% of trade rows
50022520,50023609,9,9,347,0.030029028060458443,96.50995962763989,Long tail: remaining 20% of trade rows
50022520,121392042,9,9,348,0.030029028060458443,96.53998865570034,Long tail: remaining 20% of trade rows
50022520,121414022,9,17,349,0.030029028060458443,96.5700176837608,Long tail: remaining 20% of trade rows
50022520,121450042,9,9,350,0.030029028060458443,96.60004671182125,Long tail: remaining 20% of trade rows
28,251119,8,73,351,0.02669246938707417,96.62673918120832,Long tail: remaining 20% of trade rows
28,50008707,8,8,352,0.02669246938707417,96.6534316505954,Long tail: remaining 20% of trade rows
28,50023646,8,12,353,0.02669246938707417,96.68012411998247,Long tail: remaining 20% of trade rows
28,50023707,8,10,354,0.02669246938707417,96.70681658936954,Long tail: remaining 20% of trade rows
28,50023715,8,27,355,0.02669246938707417,96.73350905875661,Long tail: remaining 20% of trade rows
28,50024627,8,8,356,0.02669246938707417,96.76020152814368,Long tail: remaining 20% of trade rows
28,121466040,8,27,357,0.02669246938707417,96.78689399753075,Long tail: remaining 20% of trade rows
38,50018822,8,13,358,0.02669246938707417,96.81358646691783,Long tail: remaining 20% of trade rows
38,121418037,8,9,359,0.02669246938707417,96.8402789363049,Long tail: remaining 20% of trade rows
38,121448033,8,12,360,0.02669246938707417,96.86697140569197,Long tail: remaining 20% of trade rows
50008168,50007016,8,11,361,0.02669246938707417,96.89366387507904,Long tail: remaining 20% of trade rows
50008168,50012362,8,8,362,0.02669246938707417,96.92035634446611,Long tail: remaining 20% of trade rows
50008168,121454027,8,8,363,0.02669246938707417,96.94704881385319,Long tail: remaining 20% of trade rows
50008168,121472021,8,8,364,0.02669246938707417,96.97374128324026,Long tail: remaining 20% of trade rows
50014815,50006908,8,8,365,0.02669246938707417,97.00043375262733,Long tail: remaining 20% of trade rows
50014815,50009551,8,10,366,0.02669246938707417,97.0271262220144,Long tail: remaining 20% of trade rows
50014815,50016488,8,8,367,0.02669246938707417,97.05381869140147,Long tail: remaining 20% of trade rows
50022520,50010417,8,8,368,0.02669246938707417,97.08051116078855,Long tail: remaining 20% of trade rows
50022520,50026465,8,8,369,0.02669246938707417,97.10720363017562,Long tail: remaining 20% of trade rows
28,251121,7,17,370,0.0233559107136899,97.13055954088931,Long tail: remaining 20% of trade rows
28,50007136,7,8,371,0.0233559107136899,97.153915451603,Long tail: remaining 20% of trade rows
28,50013197,7,7,372,0.0233559107136899,97.17727136231669,Long tail: remaining 20% of trade rows
28,50014260,7,7,373,0.0233559107136899,97.20062727303038,Long tail: remaining 20% of trade rows
28,50016039,7,65,374,0.0233559107136899,97.22398318374407,Long tail: remaining 20% of trade rows
28,50023514,7,7,375,0.0233559107136899,97.24733909445776,Long tail: remaining 20% of trade rows
28,50023642,7,8,376,0.0233559107136899,97.27069500517145,Long tail: remaining 20% of trade rows
28,50023709,7,20,377,0.0233559107136899,97.29405091588514,Long tail: remaining 20% of trade rows
28,50024148,7,7,378,0.0233559107136899,97.31740682659883,Long tail: remaining 20% of trade rows
28,50136026,7,7,379,0.0233559107136899,97.34076273731252,Long tail: remaining 20% of trade rows
28,121474040,7,10,380,0.0233559107136899,97.3641186480262,Long tail: remaining 20% of trade rows
28,122676024,7,7,381,0.0233559107136899,97.3874745587399,Long tail: remaining 20% of trade rows
38,50018614,7,11,382,0.0233559107136899,97.41083046945359,Long tail: remaining 20% of trade rows
50008168,121382031,7,7,383,0.0233559107136899,97.43418638016728,Long tail: remaining 20% of trade rows
50014815,50012825,7,7,384,0.0233559107136899,97.45754229088097,Long tail: remaining 20% of trade rows
50014815,50012835,7,7,385,0.0233559107136899,97.48089820159466,Long tail: remaining 20% of trade rows
50014815,50013715,7,7,386,0.0233559107136899,97.50425411230835,Long tail: remaining 20% of trade rows
50014815,50014276,7,7,387,0.0233559107136899,97.52761002302204,Long tail: remaining 20% of trade rows
50014815,50016471,7,8,388,0.0233559107136899,97.55096593373572,Long tail: remaining 20% of trade rows
50014815,121406023,7,7,389,0.0233559107136899,97.57432184444941,Long tail: remaining 20% of trade rows
50022520,50017201,7,12,390,0.0233559107136899,97.5976777551631,Long tail: remaining 20% of trade rows
50022520,50026456,7,10,391,0.0233559107136899,97.6210336658768,Long tail: remaining 20% of trade rows
50022520,50026457,7,7,392,0.0233559107136899,97.64438957659048,Long tail: remaining 20% of trade rows
50022520,50026494,7,18,393,0.0233559107136899,97.66774548730417,Long tail: remaining 20% of trade rows
122650008,50012369,7,7,394,0.0233559107136899,97.69110139801786,Long tail: remaining 20% of trade rows
122650008,50132020,7,26,395,0.0233559107136899,97.71445730873155,Long tail: remaining 20% of trade rows
28,251221,6,10,396,0.02001935204030563,97.73447666077186,Long tail: remaining 20% of trade rows
28,50005918,6,6,397,0.02001935204030563,97.75449601281217,Long tail: remaining 20% of trade rows
28,50012479,6,7,398,0.02001935204030563,97.77451536485248,Long tail: remaining 20% of trade rows
28,50012480,6,19,399,0.02001935204030563,97.79453471689278,Long tail: remaining 20% of trade rows
28,50015148,6,15,400,0.02001935204030563,97.81455406893309,Long tail: remaining 20% of trade rows
28,50023657,6,6,401,0.02001935204030563,97.8345734209734,Long tail: remaining 20% of trade rows
28,50023687,6,11,402,0.02001935204030563,97.8545927730137,Long tail: remaining 20% of trade rows
28,121426030,6,69,403,0.02001935204030563,97.87461212505401,Long tail: remaining 20% of trade rows
28,122674029,6,7,404,0.02001935204030563,97.89463147709432,Long tail: remaining 20% of trade rows
38,50062019,6,7,405,0.02001935204030563,97.91465082913463,Long tail: remaining 20% of trade rows
50008168,121396025,6,6,406,0.02001935204030563,97.93467018117494,Long tail: remaining 20% of trade rows
50014815,50005975,6,10,407,0.02001935204030563,97.95468953321524,Long tail: remaining 20% of trade rows
50014815,50005984,6,6,408,0.02001935204030563,97.97470888525555,Long tail: remaining 20% of trade rows
50014815,50006035,6,7,409,0.02001935204030563,97.99472823729586,Long tail: remaining 20% of trade rows
50014815,50006040,6,6,410,0.02001935204030563,98.01474758933617,Long tail: remaining 20% of trade rows
50014815,121380035,6,12,411,0.02001935204030563,98.03476694137647,Long tail: remaining 20% of trade rows
50014815,121382039,6,6,412,0.02001935204030563,98.05478629341678,Long tail: remaining 20% of trade rows
50014815,121456023,6,7,413,0.02001935204030563,98.07480564545709,Long tail: remaining 20% of trade rows
50022520,50026460,6,50,414,0.02001935204030563,98.0948249974974,Long tail: remaining 20% of trade rows
50022520,121390030,6,6,415,0.02001935204030563,98.1148443495377,Long tail: remaining 20% of trade rows
28,201826,5,7,416,0.016682793366921356,98.13152714290463,Long tail: remaining 20% of trade rows
28,50000832,5,7,417,0.016682793366921356,98.14820993627156,Long tail: remaining 20% of trade rows
28,50008854,5,5,418,0.016682793366921356,98.16489272963848,Long tail: remaining 20% of trade rows
28,50008857,5,5,419,0.016682793366921356,98.1815755230054,Long tail: remaining 20% of trade rows
28,50013840,5,5,420,0.016682793366921356,98.19825831637233,Long tail: remaining 20% of trade rows
28,50013998,5,5,421,0.016682793366921356,98.21494110973926,Long tail: remaining 20% of trade rows
28,50019070,5,10,422,0.016682793366921356,98.23162390310618,Long tail: remaining 20% of trade rows
28,50023464,5,5,423,0.016682793366921356,98.24830669647311,Long tail: remaining 20% of trade rows
28,50024169,5,6,424,0.016682793366921356,98.26498948984003,Long tail: remaining 20% of trade rows
28,122642023,5,5,425,0.016682793366921356,98.28167228320696,Long tail: remaining 20% of trade rows
28,122680025,5,5,426,0.016682793366921356,98.29835507657388,Long tail: remaining 20% of trade rows
38,50018827,5,5,427,0.016682793366921356,98.31503786994081,Long tail: remaining 20% of trade rows
50008168,121404022,5,5,428,0.016682793366921356,98.33172066330773,Long tail: remaining 20% of trade rows
50008168,121404023,5,5,429,0.016682793366921356,98.34840345667466,Long tail: remaining 20% of trade rows
50014815,50012773,5,5,430,0.016682793366921356,98.36508625004159,Long tail: remaining 20% of trade rows
50014815,50018433,5,5,431,0.016682793366921356,98.38176904340851,Long tail: remaining 20% of trade rows
50022520,50006031,5,5,432,0.016682793366921356,98.39845183677544,Long tail: remaining 20% of trade rows
50022520,50010410,5,17,433,0.016682793366921356,98.41513463014236,Long tail: remaining 20% of trade rows
50022520,50011847,5,5,434,0.016682793366921356,98.43181742350929,Long tail: remaining 20% of trade rows
50022520,50016902,5,19,435,0.016682793366921356,98.44850021687621,Long tail: remaining 20% of trade rows
50022520,121450049,5,5,436,0.016682793366921356,98.46518301024314,Long tail: remaining 20% of trade rows
50022520,121482036,5,7,437,0.016682793366921356,98.48186580361006,Long tail: remaining 20% of trade rows
122650008,50017921,5,14,438,0.016682793366921356,98.49854859697699,Long tail: remaining 20% of trade rows
28,251219,4,4,439,0.013346234693537086,98.51189483167053,Long tail: remaining 20% of trade rows
28,50012423,4,13,440,0.013346234693537086,98.52524106636407,Long tail: remaining 20% of trade rows
28,50013868,4,8,441,0.013346234693537086,98.53858730105762,Long tail: remaining 20% of trade rows
28,50023530,4,6,442,0.013346234693537086,98.55193353575116,Long tail: remaining 20% of trade rows
28,50023798,4,4,443,0.013346234693537086,98.5652797704447,Long tail: remaining 20% of trade rows
28,50024235,4,15,444,0.013346234693537086,98.57862600513825,Long tail: remaining 20% of trade rows
28,50136024,4,16,445,0.013346234693537086,98.59197223983179,Long tail: remaining 20% of trade rows
28,121364033,4,23,446,0.013346234693537086,98.60531847452533,Long tail: remaining 20% of trade rows
28,121408032,4,4,447,0.013346234693537086,98.61866470921888,Long tail: remaining 20% of trade rows
28,122690023,4,4,448,0.013346234693537086,98.63201094391242,Long tail: remaining 20% of trade rows
38,121422044,4,12,449,0.013346234693537086,98.64535717860596,Long tail: remaining 20% of trade rows
50008168,50023886,4,4,450,0.013346234693537086,98.6587034132995,Long tail: remaining 20% of trade rows
50008168,121368022,4,4,451,0.013346234693537086,98.67204964799305,Long tail: remaining 20% of trade rows
50014815,50008729,4,4,452,0.013346234693537086,98.68539588268659,Long tail: remaining 20% of trade rows
50014815,50012463,4,4,453,0.013346234693537086,98.69874211738014,Long tail: remaining 20% of trade rows
50014815,50012472,4,4,454,0.013346234693537086,98.71208835207368,Long tail: remaining 20% of trade rows
50014815,50012486,4,5,455,0.013346234693537086,98.72543458676722,Long tail: remaining 20% of trade rows
50014815,50012732,4,4,456,0.013346234693537086,98.73878082146076,Long tail: remaining 20% of trade rows
50014815,50012776,4,4,457,0.013346234693537086,98.75212705615431,Long tail: remaining 20% of trade rows
50014815,50014267,4,5,458,0.013346234693537086,98.76547329084785,Long tail: remaining 20% of trade rows
50014815,50015969,4,10,459,0.013346234693537086,98.7788195255414,Long tail: remaining 20% of trade rows
50014815,50015995,4,4,460,0.013346234693537086,98.79216576023494,Long tail: remaining 20% of trade rows
50014815,50016241,4,7,461,0.013346234693537086,98.80551199492848,Long tail: remaining 20% of trade rows
50014815,50016489,4,4,462,0.013346234693537086,98.81885822962202,Long tail: remaining 20% of trade rows
50022520,50011828,4,5,463,0.013346234693537086,98.83220446431557,Long tail: remaining 20% of trade rows
50022520,50016749,4,4,464,0.013346234693537086,98.84555069900911,Long tail: remaining 20% of trade rows
50022520,50026471,4,5,465,0.013346234693537086,98.85889693370265,Long tail: remaining 20% of trade rows
50022520,50026492,4,13,466,0.013346234693537086,98.8722431683962,Long tail: remaining 20% of trade rows
122650008,50003638,4,5,467,0.013346234693537086,98.88558940308974,Long tail: remaining 20% of trade rows
122650008,121410024,4,6,468,0.013346234693537086,98.89893563778328,Long tail: remaining 20% of trade rows
28,50000953,3,22,469,0.010009676020152816,98.90894531380343,Long tail: remaining 20% of trade rows
28,50005915,3,3,470,0.010009676020152816,98.91895498982358,Long tail: remaining 20% of trade rows
28,50005920,3,3,471,0.010009676020152816,98.92896466584372,Long tail: remaining 20% of trade rows
28,50007138,3,3,472,0.010009676020152816,98.93897434186387,Long tail: remaining 20% of trade rows
28,50008858,3,3,473,0.010009676020152816,98.94898401788402,Long tail: remaining 20% of trade rows
28,50013076,3,3,474,0.010009676020152816,98.95899369390416,Long tail: remaining 20% of trade rows
28,50016068,3,4,475,0.010009676020152816,98.96900336992431,Long tail: remaining 20% of trade rows
28,50023649,3,3,476,0.010009676020152816,98.97901304594446,Long tail: remaining 20% of trade rows
28,50023818,3,3,477,0.010009676020152816,98.9890227219646,Long tail: remaining 20% of trade rows
28,50023819,3,3,478,0.010009676020152816,98.99903239798475,Long tail: remaining 20% of trade rows
28,50024168,3,5,479,0.010009676020152816,99.0090420740049,Long tail: remaining 20% of trade rows
28,50024184,3,3,480,0.010009676020152816,99.01905175002504,Long tail: remaining 20% of trade rows
28,50140022,3,3,481,0.010009676020152816,99.02906142604519,Long tail: remaining 20% of trade rows
28,121418035,3,7,482,0.010009676020152816,99.03907110206534,Long tail: remaining 20% of trade rows
28,121420021,3,3,483,0.010009676020152816,99.04908077808548,Long tail: remaining 20% of trade rows
38,50064019,3,3,484,0.010009676020152816,99.05909045410563,Long tail: remaining 20% of trade rows
38,121416035,3,3,485,0.010009676020152816,99.06910013012578,Long tail: remaining 20% of trade rows
50008168,50019484,3,3,486,0.010009676020152816,99.07910980614592,Long tail: remaining 20% of trade rows
50008168,121412025,3,3,487,0.010009676020152816,99.08911948216607,Long tail: remaining 20% of trade rows
50008168,121450024,3,3,488,0.010009676020152816,99.09912915818622,Long tail: remaining 20% of trade rows
50014815,50005980,3,3,489,0.010009676020152816,99.10913883420636,Long tail: remaining 20% of trade rows
50014815,50005988,3,3,490,0.010009676020152816,99.11914851022651,Long tail: remaining 20% of trade rows
50014815,50012468,3,3,491,0.010009676020152816,99.12915818624666,Long tail: remaining 20% of trade rows
50014815,50012859,3,3,492,0.010009676020152816,99.1391678622668,Long tail: remaining 20% of trade rows
50014815,50014862,3,3,493,0.010009676020152816,99.14917753828695,Long tail: remaining 20% of trade rows
50014815,50015071,3,4,494,0.010009676020152816,99.1591872143071,Long tail: remaining 20% of trade rows
50014815,50016387,3,3,495,0.010009676020152816,99.16919689032724,Long tail: remaining 20% of trade rows
50014815,50016485,3,3,496,0.010009676020152816,99.17920656634739,Long tail: remaining 20% of trade rows
50014815,50018437,3,4,497,0.010009676020152816,99.18921624236754,Long tail: remaining 20% of trade rows
50014815,50018704,3,3,498,0.010009676020152816,99.19922591838768,Long tail: remaining 20% of trade rows
50022520,50010416,3,7,499,0.010009676020152816,99.20923559440783,Long tail: remaining 20% of trade rows
50022520,50012390,3,3,500,0.010009676020152816,99.21924527042798,Long tail: remaining 20% of trade rows
50022520,50012396,3,3,501,0.010009676020152816,99.22925494644812,Long tail: remaining 20% of trade rows
50022520,50012550,3,3,502,0.010009676020152816,99.23926462246827,Long tail: remaining 20% of trade rows
50022520,50015911,3,11,503,0.010009676020152816,99.24927429848842,Long tail: remaining 20% of trade rows
50022520,50023602,3,5,504,0.010009676020152816,99.25928397450856,Long tail: remaining 20% of trade rows
50022520,50023694,3,8,505,0.010009676020152816,99.26929365052871,Long tail: remaining 20% of trade rows
50022520,50026495,3,3,506,0.010009676020152816,99.27930332654886,Long tail: remaining 20% of trade rows
50022520,121380043,3,3,507,0.010009676020152816,99.289313002569,Long tail: remaining 20% of trade rows
28,50000833,2,2,508,0.006673117346768543,99.29598611991577,Long tail: remaining 20% of trade rows
28,50001707,2,3,509,0.006673117346768543,99.30265923726253,Long tail: remaining 20% of trade rows
28,50006937,2,2,510,0.006673117346768543,99.3093323546093,Long tail: remaining 20% of trade rows
28,50008367,2,6,511,0.006673117346768543,99.31600547195606,Long tail: remaining 20% of trade rows
28,50012477,2,3,512,0.006673117346768543,99.32267858930283,Long tail: remaining 20% of trade rows
28,50013194,2,2,513,0.006673117346768543,99.32935170664959,Long tail: remaining 20% of trade rows
28,50016075,2,2,514,0.006673117346768543,99.33602482399635,Long tail: remaining 20% of trade rows
28,50016127,2,2,515,0.006673117346768543,99.34269794134312,Long tail: remaining 20% of trade rows
28,50016456,2,4,516,0.006673117346768543,99.34937105868988,Long tail: remaining 20% of trade rows
28,50023617,2,2,517,0.006673117346768543,99.35604417603665,Long tail: remaining 20% of trade rows
28,50023639,2,2,518,0.006673117346768543,99.36271729338341,Long tail: remaining 20% of trade rows
28,50023669,2,2,519,0.006673117346768543,99.36939041073018,Long tail: remaining 20% of trade rows
28,50023696,2,2,520,0.006673117346768543,99.37606352807694,Long tail: remaining 20% of trade rows
28,50023698,2,21,521,0.006673117346768543,99.3827366454237,Long tail: remaining 20% of trade rows
28,50023702,2,2,522,0.006673117346768543,99.38940976277047,Long tail: remaining 20% of trade rows
28,50023712,2,3,523,0.006673117346768543,99.39608288011723,Long tail: remaining 20% of trade rows
28,50023809,2,5,524,0.006673117346768543,99.402755997464,Long tail: remaining 20% of trade rows
28,50023821,2,2,525,0.006673117346768543,99.40942911481076,Long tail: remaining 20% of trade rows
28,50024082,2,3,526,0.006673117346768543,99.41610223215753,Long tail: remaining 20% of trade rows
28,50024247,2,2,527,0.006673117346768543,99.42277534950429,Long tail: remaining 20% of trade rows
28,50024629,2,3,528,0.006673117346768543,99.42944846685106,Long tail: remaining 20% of trade rows
28,121382040,2,1,529,0.006673117346768543,99.43612158419782,Long tail: remaining 20% of trade rows
28,121396023,2,2,530,0.006673117346768543,99.44279470154459,Long tail: remaining 20% of trade rows
28,121454042,2,2,531,0.006673117346768543,99.44946781889135,Long tail: remaining 20% of trade rows
28,122616025,2,2,532,0.006673117346768543,99.45614093623811,Long tail: remaining 20% of trade rows
28,122680026,2,2,533,0.006673117346768543,99.46281405358488,Long tail: remaining 20% of trade rows
38,50016123,2,3,534,0.006673117346768543,99.46948717093164,Long tail: remaining 20% of trade rows
38,50018858,2,2,535,0.006673117346768543,99.47616028827841,Long tail: remaining 20% of trade rows
50008168,50012368,2,2,536,0.006673117346768543,99.48283340562517,Long tail: remaining 20% of trade rows
50008168,121366025,2,2,537,0.006673117346768543,99.48950652297194,Long tail: remaining 20% of trade rows
50008168,121416022,2,2,538,0.006673117346768543,99.4961796403187,Long tail: remaining 20% of trade rows
50008168,121448025,2,3,539,0.006673117346768543,99.50285275766547,Long tail: remaining 20% of trade rows
50014815,50013217,2,2,540,0.006673117346768543,99.50952587501223,Long tail: remaining 20% of trade rows
50014815,50013885,2,15,541,0.006673117346768543,99.516198992359,Long tail: remaining 20% of trade rows
50014815,50015399,2,2,542,0.006673117346768543,99.52287210970576,Long tail: remaining 20% of trade rows
50014815,50016178,2,2,543,0.006673117346768543,99.52954522705252,Long tail: remaining 20% of trade rows
50014815,50016348,2,2,544,0.006673117346768543,99.53621834439929,Long tail: remaining 20% of trade rows
50014815,50018642,2,3,545,0.006673117346768543,99.54289146174605,Long tail: remaining 20% of trade rows
50014815,50232021,2,2,546,0.006673117346768543,99.54956457909282,Long tail: remaining 20% of trade rows
50014815,50250019,2,2,547,0.006673117346768543,99.55623769643958,Long tail: remaining 20% of trade rows
50014815,50250020,2,3,548,0.006673117346768543,99.56291081378635,Long tail: remaining 20% of trade rows
50014815,121382051,2,2,549,0.006673117346768543,99.56958393113311,Long tail: remaining 20% of trade rows
50014815,121466039,2,2,550,0.006673117346768543,99.57625704847987,Long tail: remaining 20% of trade rows
50022520,50002682,2,2,551,0.006673117346768543,99.58293016582664,Long tail: remaining 20% of trade rows
50022520,50023613,2,2,552,0.006673117346768543,99.5896032831734,Long tail: remaining 20% of trade rows
50022520,50023633,2,2,553,0.006673117346768543,99.59627640052017,Long tail: remaining 20% of trade rows
50022520,50023664,2,2,554,0.006673117346768543,99.60294951786693,Long tail: remaining 20% of trade rows
50022520,50026458,2,2,555,0.006673117346768543,99.6096226352137,Long tail: remaining 20% of trade rows
50022520,50026464,2,5,556,0.006673117346768543,99.61629575256046,Long tail: remaining 20% of trade rows
50022520,50026468,2,2,557,0.006673117346768543,99.62296886990723,Long tail: remaining 20% of trade rows
50022520,50026472,2,4,558,0.006673117346768543,99.62964198725399,Long tail: remaining 20% of trade rows
50022520,50026474,2,1,559,0.006673117346768543,99.63631510460075,Long tail: remaining 20% of trade rows
50022520,50026481,2,3,560,0.006673117346768543,99.64298822194752,Long tail: remaining 20% of trade rows
50022520,50026486,2,51,561,0.006673117346768543,99.64966133929428,Long tail: remaining 20% of trade rows
50022520,50026487,2,3,562,0.006673117346768543,99.65633445664105,Long tail: remaining 20% of trade rows
50022520,50026488,2,6,563,0.006673117346768543,99.66300757398781,Long tail: remaining 20% of trade rows
50022520,50026491,2,2,564,0.006673117346768543,99.66968069133458,Long tail: remaining 20% of trade rows
50022520,121474036,2,3,565,0.006673117346768543,99.67635380868134,Long tail: remaining 20% of trade rows
28,1662,1,1,566,0.0033365586733842714,99.67969036735472,Long tail: remaining 20% of trade rows
28,251220,1,1,567,0.0033365586733842714,99.6830269260281,Long tail: remaining 20% of trade rows
28,50003636,1,1,568,0.0033365586733842714,99.68636348470149,Long tail: remaining 20% of trade rows
28,50005917,1,1,569,0.0033365586733842714,99.68970004337487,Long tail: remaining 20% of trade rows
28,50006101,1,1,570,0.0033365586733842714,99.69303660204825,Long tail: remaining 20% of trade rows
28,50006947,1,1,571,0.0033365586733842714,99.69637316072163,Long tail: remaining 20% of trade rows
28,50006955,1,1,572,0.0033365586733842714,99.69970971939502,Long tail: remaining 20% of trade rows
28,50008709,1,1,573,0.0033365586733842714,99.7030462780684,Long tail: remaining 20% of trade rows
28,50009938,1,2,574,0.0033365586733842714,99.70638283674178,Long tail: remaining 20% of trade rows
28,50012425,1,1,575,0.0033365586733842714,99.70971939541516,Long tail: remaining 20% of trade rows
28,50012482,1,1,576,0.0033365586733842714,99.71305595408855,Long tail: remaining 20% of trade rows
28,50012483,1,1,577,0.0033365586733842714,99.71639251276193,Long tail: remaining 20% of trade rows
28,50013191,1,1,578,0.0033365586733842714,99.71972907143531,Long tail: remaining 20% of trade rows
28,50013985,1,1,579,0.0033365586733842714,99.72306563010869,Long tail: remaining 20% of trade rows
28,50015150,1,10,580,0.0033365586733842714,99.72640218878207,Long tail: remaining 20% of trade rows
28,50015913,1,1,581,0.0033365586733842714,99.72973874745546,Long tail: remaining 20% of trade rows
28,50019021,1,1,582,0.0033365586733842714,99.73307530612884,Long tail: remaining 20% of trade rows
28,50023647,1,1,583,0.0033365586733842714,99.73641186480222,Long tail: remaining 20% of trade rows
28,50023648,1,1,584,0.0033365586733842714,99.7397484234756,Long tail: remaining 20% of trade rows
28,50023652,1,1,585,0.0033365586733842714,99.74308498214899,Long tail: remaining 20% of trade rows
28,50023658,1,1,586,0.0033365586733842714,99.74642154082237,Long tail: remaining 20% of trade rows
28,50023668,1,1,587,0.0033365586733842714,99.74975809949575,Long tail: remaining 20% of trade rows
28,50023703,1,1,588,0.0033365586733842714,99.75309465816913,Long tail: remaining 20% of trade rows
28,50023710,1,1,589,0.0033365586733842714,99.75643121684251,Long tail: remaining 20% of trade rows
28,50023720,1,1,590,0.0033365586733842714,99.7597677755159,Long tail: remaining 20% of trade rows
28,50023728,1,1,591,0.0033365586733842714,99.76310433418928,Long tail: remaining 20% of trade rows
28,50023796,1,10,592,0.0033365586733842714,99.76644089286266,Long tail: remaining 20% of trade rows
28,50023810,1,4,593,0.0033365586733842714,99.76977745153604,Long tail: remaining 20% of trade rows
28,50024080,1,15,594,0.0033365586733842714,99.77311401020943,Long tail: remaining 20% of trade rows
28,50024081,1,1,595,0.0033365586733842714,99.77645056888281,Long tail: remaining 20% of trade rows
28,50024083,1,1,596,0.0033365586733842714,99.77978712755619,Long tail: remaining 20% of trade rows
28,50024170,1,1,597,0.0033365586733842714,99.78312368622957,Long tail: remaining 20% of trade rows
28,50024621,1,1,598,0.0033365586733842714,99.78646024490295,Long tail: remaining 20% of trade rows
28,50134022,1,1,599,0.0033365586733842714,99.78979680357634,Long tail: remaining 20% of trade rows
28,50142021,1,1,600,0.0033365586733842714,99.79313336224972,Long tail: remaining 20% of trade rows
28,50152021,1,1,601,0.0033365586733842714,99.7964699209231,Long tail: remaining 20% of trade rows
28,50158022,1,1,602,0.0033365586733842714,99.79980647959648,Long tail: remaining 20% of trade rows
28,121380045,1,1,603,0.0033365586733842714,99.80314303826987,Long tail: remaining 20% of trade rows
28,121394028,1,1,604,0.0033365586733842714,99.80647959694325,Long tail: remaining 20% of trade rows
28,121400029,1,1,605,0.0033365586733842714,99.80981615561663,Long tail: remaining 20% of trade rows
28,121414035,1,1,606,0.0033365586733842714,99.81315271429001,Long tail: remaining 20% of trade rows
28,121426024,1,1,607,0.0033365586733842714,99.8164892729634,Long tail: remaining 20% of trade rows
28,121452027,1,1,608,0.0033365586733842714,99.81982583163678,Long tail: remaining 20% of trade rows
28,122696024,1,1,609,0.0033365586733842714,99.82316239031016,Long tail: remaining 20% of trade rows
38,50005790,1,1,610,0.0033365586733842714,99.82649894898354,Long tail: remaining 20% of trade rows
38,50018613,1,2,611,0.0033365586733842714,99.82983550765692,Long tail: remaining 20% of trade rows
38,50018616,1,1,612,0.0033365586733842714,99.8331720663303,Long tail: remaining 20% of trade rows
38,121422043,1,1,613,0.0033365586733842714,99.83650862500369,Long tail: remaining 20% of trade rows
38,121454045,1,3,614,0.0033365586733842714,99.83984518367707,Long tail: remaining 20% of trade rows
50008168,50150022,1,1,615,0.0033365586733842714,99.84318174235045,Long tail: remaining 20% of trade rows
50008168,121404024,1,3,616,0.0033365586733842714,99.84651830102383,Long tail: remaining 20% of trade rows
50008168,121462023,1,1,617,0.0033365586733842714,99.84985485969722,Long tail: remaining 20% of trade rows
50008168,121476021,1,1,618,0.0033365586733842714,99.8531914183706,Long tail: remaining 20% of trade rows
50008168,121484020,1,1,619,0.0033365586733842714,99.85652797704398,Long tail: remaining 20% of trade rows
50014815,50000847,1,2,620,0.0033365586733842714,99.85986453571736,Long tail: remaining 20% of trade rows
50014815,50005983,1,1,621,0.0033365586733842714,99.86320109439075,Long tail: remaining 20% of trade rows
50014815,50008724,1,1,622,0.0033365586733842714,99.86653765306413,Long tail: remaining 20% of trade rows
50014815,50012433,1,1,623,0.0033365586733842714,99.86987421173751,Long tail: remaining 20% of trade rows
50014815,50012487,1,1,624,0.0033365586733842714,99.87321077041089,Long tail: remaining 20% of trade rows
50014815,50012772,1,2,625,0.0033365586733842714,99.87654732908427,Long tail: remaining 20% of trade rows
50014815,50012836,1,1,626,0.0033365586733842714,99.87988388775766,Long tail: remaining 20% of trade rows
50014815,50013218,1,1,627,0.0033365586733842714,99.88322044643104,Long tail: remaining 20% of trade rows
50014815,50014248,1,1,628,0.0033365586733842714,99.88655700510442,Long tail: remaining 20% of trade rows
50014815,50018435,1,2,629,0.0033365586733842714,99.8898935637778,Long tail: remaining 20% of trade rows
50014815,50023717,1,1,630,0.0033365586733842714,99.89323012245119,Long tail: remaining 20% of trade rows
50014815,50236022,1,1,631,0.0033365586733842714,99.89656668112457,Long tail: remaining 20% of trade rows
50014815,121410052,1,1,632,0.0033365586733842714,99.89990323979795,Long tail: remaining 20% of trade rows
50014815,121456032,1,1,633,0.0033365586733842714,99.90323979847133,Long tail: remaining 20% of trade rows
50014815,121462037,1,1,634,0.0033365586733842714,99.90657635714471,Long tail: remaining 20% of trade rows
50014815,121474038,1,6,635,0.0033365586733842714,99.9099129158181,Long tail: remaining 20% of trade rows
50014815,121482033,1,1,636,0.0033365586733842714,99.91324947449148,Long tail: remaining 20% of trade rows
50022520,50011837,1,1,637,0.0033365586733842714,99.91658603316486,Long tail: remaining 20% of trade rows
50022520,50011838,1,1,638,0.0033365586733842714,99.91992259183824,Long tail: remaining 20% of trade rows
50022520,50012381,1,1,639,0.0033365586733842714,99.92325915051163,Long tail: remaining 20% of trade rows
50022520,50012389,1,1,640,0.0033365586733842714,99.92659570918501,Long tail: remaining 20% of trade rows
50022520,50023695,1,1,641,0.0033365586733842714,99.92993226785839,Long tail: remaining 20% of trade rows
50022520,50026462,1,1,642,0.0033365586733842714,99.93326882653177,Long tail: remaining 20% of trade rows
50022520,50026466,1,1,643,0.0033365586733842714,99.93660538520516,Long tail: remaining 20% of trade rows
50022520,50026480,1,1,644,0.0033365586733842714,99.93994194387854,Long tail: remaining 20% of trade rows
50022520,50026490,1,1,645,0.0033365586733842714,99.94327850255192,Long tail: remaining 20% of trade rows
50022520,121364040,1,1,646,0.0033365586733842714,99.9466150612253,Long tail: remaining 20% of trade rows
50022520,121370037,1,1,647,0.0033365586733842714,99.94995161989868,Long tail: remaining 20% of trade rows
50022520,121386047,1,1,648,0.0033365586733842714,99.95328817857207,Long tail: remaining 20% of trade rows
50022520,121390035,1,1,649,0.0033365586733842714,99.95662473724545,Long tail: remaining 20% of trade rows
50022520,121398045,1,1,650,0.0033365586733842714,99.95996129591883,Long tail: remaining 20% of trade rows
50022520,121408038,1,1,651,0.0033365586733842714,99.96329785459221,Long tail: remaining 20% of trade rows
50022520,121422041,1,1,652,0.0033365586733842714,99.9666344132656,Long tail: remaining 20% of trade rows
50022520,121434047,1,2,653,0.0033365586733842714,99.96997097193898,Long tail: remaining 20% of trade rows
50022520,121448041,1,1,654,0.0033365586733842714,99.97330753061236,Long tail: remaining 20% of trade rows
50022520,121452029,1,1,655,0.0033365586733842714,99.97664408928574,Long tail: remaining 20% of trade rows
50022520,121470050,1,1,656,0.0033365586733842714,99.97998064795912,Long tail: remaining 20% of trade rows
50022520,121474037,1,1,657,0.0033365586733842714,99.9833172066325,Long tail: remaining 20% of trade rows
50022520,121474051,1,1,658,0.0033365586733842714,99.98665376530589,Long tail: remaining 20% of trade rows
50022520,121480041,1,1,659,0.0033365586733842714,99.98999032397927,Long tail: remaining 20% of trade rows
122650008,50012370,1,2,660,0.0033365586733842714,99.99332688265265,Long tail: remaining 20% of trade rows
122650008,121424024,1,1,661,0.0033365586733842714,99.99666344132604,Long tail: remaining 20% of trade rows
122650008,121456020,1,1,662,0.0033365586733842714,99.99999999999942,Long tail: remaining 20% of trade rows
